1_Fake_CHI,2_first_name,3_second_namename,4_email,5_ICD10
ZZ 90 13 30 T,Keith,Dodd,powellelliott@williams.com,V901
ZZ 37 43 05 T,Marian,Rogers,traceywhite@yahoo.com,L917
ZZ 510579 T,Caroline,Patel,joneskenneth@smith.com,P954
ZZ262582T,Nigel,Baker,andrewstanley@hotmail.com,P533
ZZ 267156 T,Paige,Clayton,collinsdanielle@lucas-humphreys.biz,O380
ZZ 46 92 35 T,Kerry,Williams,oellis@woods.com,V855
ZZ095045T,Gillian,Foster,psmith@gmail.com,L175
ZZ 608145 T,James,Parkes,katherine06@yahoo.com,W669
ZZ976631T,Cheryl,Kaur,williamsbeverley@hayward.info,C561
ZZ675222T,Jemma,Rhodes,kwaters@gmail.com,H465
ZZ245040T,Kerry,Cook,carrollabbie@holloway.biz,I879
ZZ 17 31 52 T,Mohammad,Ahmed,zedwards@miller-gray.com,W891
ZZ 20 65 29 T,Clive,Ward,rchapman@hawkins.net,L898
ZZ 564142 T,Trevor,Wells,mohamedchan@hotmail.com,Y613
ZZ 32 64 98 T,Pauline,Bennett,cthomson@morgan.biz,J348
ZZ 09 29 20 T,Joan,Lloyd,owhite@baker.com,Z826
ZZ 80 83 20 T,Lynne,Cameron,fcooke@hudson.net,Y713
ZZ128476T,Stacey,Smith,xfreeman@allen-hilton.com,N390
ZZ 763891 T,Jean,Davidson,kerry93@blake.com,P225
ZZ771521T,Lynda,Palmer,jameskatherine@bennett.net,U813
ZZ782902T,Danny,Henry,kgoodwin@gmail.com,U537
ZZ961632T,Jessica,Marshall,callummetcalfe@gmail.com,A360
ZZ 34 40 57 T,Frank,Bell,shirley72@yahoo.com,U676
ZZ882134T,Frederick,Nicholson,iwhite@begum.com,G306
ZZ 57 61 37 T,Karen,Henderson,justinfisher@yahoo.com,D553
