1_Fake_CHI,2_first_name,3_second_namename,4_email,6_ICD10
ZZ 038702 T,Jill,Lee,robertsmartyn@gmail.com,I865
ZZ 838160 T,Allan,Green,zwood@gmail.com,J706
ZZ 177932 T,Reece,Reynolds,marian50@ball.info,H144
ZZ009149T,Terence,Smith,ytaylor@brooks.org,Z322
ZZ964479T,Melanie,Heath,morrissarah@gmail.com,O209
ZZ 09 89 80 T,Sophie,Patterson,russell99@gmail.com,L549
ZZ 03 37 77 T,Arthur,Patel,ireid@yahoo.com,C324
ZZ296287T,Alice,Williams,rosemary99@naylor.net,P438
ZZ 293625 T,Victoria,Burton,donna99@hotmail.com,F913
ZZ 03 94 84 T,Sally,Hardy,jack10@yahoo.com,Q872
ZZ 775882 T,Abdul,Thomas,ian00@gmail.com,X904
ZZ 88 39 39 T,Edward,Lane,sholt@yahoo.com,Z286
ZZ 51 65 52 T,Olivia,Jordan,howarddiana@smith.org,Y564
ZZ 092048 T,Jordan,Sanders,iqbalkaren@yahoo.com,B431
ZZ 357577 T,Eileen,Brown,phillipsmith@gmail.com,P444
ZZ 15 18 85 T,Jonathan,Wilson,valerie23@brown.com,T366
ZZ 13 98 85 T,Amber,Nicholls,teresa30@williams.com,D517
ZZ359808T,Harry,Ahmed,sam46@bond-law.net,R568
ZZ545790T,Tracey,James,michaelgriffiths@gmail.com,R715
ZZ092869T,Frank,Barker,ronald84@lewis.org,G407
ZZ 00 62 29 T,Duncan,Bell,kim89@henderson.com,D525
ZZ 357424 T,Sean,Francis,ywright@fox.com,K616
ZZ 983461 T,Shirley,James,phoward@little.biz,H786
ZZ 77 02 07 T,Lorraine,Kennedy,waltonsophie@yahoo.com,M934
ZZ812854T,Timothy,Davies,tina24@thomson-reeves.com,F251
ZZ 881951 T,Laura,Nicholson,williamsstephanie@manning.com,J707
ZZ 205556 T,Jill,Khan,lucyball@hotmail.com,K451
ZZ 454025 T,Allan,Bradley,rhys51@chambers-wallace.com,O471
ZZ 89 66 53 T,Damien,Whitehouse,amy39@white-kelly.biz,Q189
ZZ 08 23 86 T,Amelia,Foster,webbluke@taylor.com,S959
ZZ 35 85 08 T,Justin,Reed,kayjonathan@norris.com,M765
ZZ 69 08 34 T,Bryan,Sullivan,kirkmitchell@patel.org,O305
ZZ 94 10 34 T,Eileen,Smith,whitedorothy@hotmail.com,I193
ZZ 81 34 33 T,Max,Roberts,danny60@russell.net,W919
ZZ 22 15 38 T,Sandra,Martin,zjackson@hotmail.com,E856
ZZ 58 86 92 T,Graeme,Williams,gward@gmail.com,G583
ZZ110586T,Edward,Clarke,mortonlewis@taylor.info,A851
ZZ 351464 T,Lisa,Birch,simon55@osborne.com,M889
ZZ 243751 T,Jamie,Thomas,barrymccarthy@spencer.com,B767
ZZ469158T,Lynda,Scott,eric28@yahoo.com,B983
ZZ366140T,Conor,Dobson,barbarageorge@houghton-simpson.com,Q613
ZZ682369T,Daniel,Evans,louise89@singh-duffy.com,A776
ZZ 420869 T,Lesley,Gardiner,uwilliams@walker.org,I459
ZZ812894T,Damian,Williams,wwatts@gmail.com,F631
ZZ 440948 T,Bruce,Porter,tom40@smith.com,J857
ZZ710490T,Duncan,Thomas,bryandixon@hotmail.com,V787
ZZ 06 28 59 T,Phillip,Dean,aaronrose@hotmail.com,B282
ZZ246889T,Lawrence,Cooper,lindseyparker@yahoo.com,W140
ZZ358332T,Stacey,Pearson,oliver99@hotmail.com,C432
ZZ 37 48 34 T,Jodie,Murphy,vincentstewart@davies.com,Y449
